{
  "instruction_modules": {
    "00_system_initialization.md": {
      "words": 703,
      "measured_tokens": 2016,
      "ratio": 2.868
    },
    "01_cognitive_engine.md": {
      "words": 1832,
      "measured_tokens": 3588,
      "ratio": 1.959
    },
    "02_learning_engine.md": {
      "words": 1265,
      "measured_tokens": 2909,
      "ratio": 2.3
    },
    "03_state_manager.md": {
      "words": 765,
      "estimated_tokens": 2091,
      "ratio": 2.734,
      "measured": false
    },
    "04_npc_intelligence.md": {
      "words": 1218,
      "measured_tokens": 2562,
      "ratio": 2.103
    },
    "05_narrative_systems.md": {
      "words": 2376,
      "estimated_tokens": 6496,
      "ratio": 2.734,
      "measured": false
    },
    "06_session_zero.md": {
      "words": 2349,
      "estimated_tokens": 6422,
      "ratio": 2.734,
      "measured": false
    },
    "07_anime_integration.md": {
      "words": 5401,
      "estimated_tokens": 14767,
      "ratio": 2.734,
      "measured": false
    },
    "08_combat_resolution.md": {
      "words": 757,
      "estimated_tokens": 2069,
      "ratio": 2.734,
      "measured": false
    },
    "09_progression_systems.md": {
      "words": 722,
      "estimated_tokens": 1974,
      "ratio": 2.734,
      "measured": false
    },
    "10_error_recovery.md": {
      "words": 1532,
      "measured_tokens": 2847,
      "ratio": 1.858
    },
    "11_dice_resolution.md": {
      "words": 1041,
      "measured_tokens": 2341,
      "ratio": 2.249
    },
    "12_player_agency.md": {
      "words": 2106,
      "measured_tokens": 3925,
      "ratio": 1.864
    }
  },
  "schemas": {
    "anime_world_schema.json": {
      "words": 1788,
      "measured_tokens": 5883,
      "ratio": 3.29
    },
    "character_schema.json": {
      "words": 1131,
      "measured_tokens": 3706,
      "ratio": 3.277
    },
    "memory_thread_schema.json": {
      "words": 1405,
      "measured_tokens": 4591,
      "ratio": 3.268
    },
    "npc_schema.json": {
      "words": 2099,
      "measured_tokens": 6755,
      "ratio": 3.218
    },
    "power_system_schema.json": {
      "words": 1609,
      "measured_tokens": 5267,
      "ratio": 3.273
    },
    "session_export_schema.json": {
      "words": 908,
      "measured_tokens": 3147,
      "ratio": 3.466
    },
    "world_state_schema.json": {
      "words": 1118,
      "measured_tokens": 3675,
      "ratio": 3.287
    }
  },
  "libraries": {},
  "core_files": {},
  "summary": {
    "measured_files": 14,
    "average_ratio": 2.734,
    "total_instruction_tokens": 54007,
    "total_schema_tokens": 33024,
    "total_system_tokens": 87031,
    "ratio_interpretation": "1 word = ~2.73 tokens for AIDM markdown/JSON"
  }
}